#,File,Function,Line,Opus 4.6,Codex (gpt-5-codex),Gemini 3.1 Pro Preview,Consensus,AAA Equivalent,Strength,Weakness,Upgrade,Severity
1,_biome_grammar.py,_box_filter_2d,279,—,B,—,B,,,,,important
2,_biome_grammar.py,_distance_from_mask,305,—,B,—,B,,,,,important
3,_biome_grammar.py,_generate_corruption_map,231,—,A-,—,A-,,,,,polish
4,_biome_grammar.py,apply_desert_pavement,392,B,A-,—,B+,Gaea Desert/Arid node,Slope+elevation mask combo for pavement zones; returns mask for shader use; box filter in numpy (no scipy).,Pure-numpy box filter via _box_filter_2d has O(H*W) Python loop — slow on 1k+ grids.,Use np.cumsum-based vectorized integral-image computation.,polish
5,_biome_grammar.py,apply_geological_folds,721,B,A-,—,B+,Gaea Stratify + Tilt nodes combined,"Three fold types (anticline/syncline/chevron), random strike direction, chevron uses triangular wave.",Adds folds linearly — real tectonic folds scale fold amplitude with cumulative strain and plunge along axis.,Add plunging-fold support (amplitude varies along strike).,polish
6,_biome_grammar.py,apply_hot_spring_features,549,B,B+,—,B+,Yellowstone travertine terraces reference (Hell Let Loose / Horizon),Pool depression + concentric terrace rings with diminishing step_h — readable geology pattern. Returns spring metadata for VFX wiring.,"Perfect circular rings; real travertine is asymmetric (downhill-biased, irregular ridges).",Skew rings downhill; perturb ring_r by noise.,polish
7,_biome_grammar.py,apply_landslide_scars,482,B,B,—,B,Gaea Slump / Skyrim landslide scars,"Slope-weighted origin sampling, concave scar + convex deposit fan with 60% volume conservation heuristic — geologically motivated.",Scar mask is concentric circle (uphill vs downhill not asymmetric); deposit placement uses gradient at origin only — doesn't flow along actual descent path.,Trace downslope path and distribute deposits along travel line; elongate scar uphill only.,polish
8,_biome_grammar.py,apply_periglacial_patterns,340,B-,B,—,B,Gaea frost-heave micro-relief,Voronoi cell boundaries as polygon ridges — correct physics intuition for permafrost pattern.,Python loop over n_centers for distance (O(N*H*W)) — scales poorly; uses np.random.RandomState (legacy); no orientation (real stone stripes align with slope).,Use KDTree or broadcast to single numpy op; add slope-aligned striping.,polish
9,_biome_grammar.py,apply_reef_platform,615,B-,B,—,B,Horizon Forbidden West coral reef authoring,Uses _distance_from_mask transform; reef band centered on half-width; clamps to sea_level. Honest early-return when coastline absent.,Uniform reef around whole coast; real reefs are biased toward warm/shallow-gradient shores.,Gate by tidal_range and distance-from-land to avoid reefs in deep-water-hugging coasts.,polish
10,_biome_grammar.py,apply_tafoni_weathering,665,B-,B+,—,B,Honeycomb weathering decals (Megascans),"Steep-slope weighted sampling, elliptical cavity shape; proper intensity gate.",50 cavities over full heightmap is sparse — honeycomb weathering is by definition dense; cavity depth flat (no interior texture).,Scale cavity count with steep area; layer micro+macro cavities.,polish
11,_biome_grammar.py,compute_spring_line_mask,437,B,B+,—,B+,Hydrological seepage analysis (Houdini/Arcgis),Mid-slope band + elevation-contour boundaries — correct two-factor filter for spring emergence.,"Layer boundaries placed by elevation quantization — real geology uses stratigraphic dip, not level contours. Narrow bands (exp/0.001) can miss entirely at some resolutions.",Use actual stratigraphy (from terrain_stratigraphy) rather than quantized elevation.,important
12,_biome_grammar.py,generate_world_map_spec,120,B+,B+,—,B+,UE5 PCG World Partition biome graph / Witcher 3 region splitter,"Voronoi biome distribution with soft transitions, corruption fBm map with separate seed, building-plot flatten zones with padded radius, per-biome climate params, name resolution via alias dict.",Voronoi is fixed-weight — no biome-count rebalancing based on temperature/moisture gradients; flatten zones are circular only.,Climate-driven Voronoi weighting; rectangular flatten zones for linear building footprints.,polish
13,_biome_grammar.py,resolve_biome_name,36,—,A-,—,A-,,,,,polish
14,_terrain_depth.py,detect_cliff_edges,448,B+,A-,—,A-,Houdini Edge Detection / Gaea Slope mask with clustering,Real slope-map gradient + flood-fill clustering + gradient-derived facing angle. Includes dimensional-units bug fix (TERR-001) with proper height_scale propagation.,Python for-loop flood-fill is O(N) but slow on large grids; Dr. cluster rotation uses only center cell gradient (not PCA over cluster); no confidence/overlap score.,Switch to scipy.ndimage.label for O(HW) label pass and fit oriented bounding box via PCA of cluster cells for rotation.,polish
15,_terrain_depth.py,generate_biome_transition_mesh,234,D+,B,C,C,UE Landscape layer blend / Witcher 3 biome transition,Writes vertex_groups for blend weight — shader-pipeline aware.,"Flat plane with trivial Gaussian bumps. Blend is linear across x. No actual biome-specific geometry (roots, moss hummocks, puddles).",Height should sample from biome-specific heightmap; blend factor should be noise-displaced not straight-linear.,important
16,_terrain_depth.py,generate_cave_entrance_mesh,121,C,B-,D,C,UE5 Nanite cave kit / Skyrim cave entrance module,Builds a real tunnel ring-loft with natural jitter; correct topology for quad faces.,"Symmetric semicircular arch, uniform extrusion — no irregular mouth shape, no stalactites/lintel erosion, no interior branching.","Randomize arch shape (non-semicircle), vary ring profile along depth, add debris apron + rock framing.",important
17,_terrain_depth.py,generate_cliff_face_mesh,38,C-,B,D,C,Megascans cliff scans / Quixel rock kit / Gaea Rock node,Deterministic grid with per-vertex Gaussian displacement; returns clean MeshSpec.,"Single Gaussian-noise pass with sinusoidal mask — no fracture planes, no strata layering, no overhangs. AAA cliffs use scanned heightfields or rule-based joint systems.","Add stacked strata noise, fault-plane displacement, overhang support (Y can exceed 0.3*sin curve), and weathered talus at base.",important
18,_terrain_depth.py,generate_waterfall_mesh,310,D,B-,D,C-,Horizon Forbidden West waterfall / RDR2 volumetric cascade,Produces stepped cascade + pool disk — 3D volume (per user's 'never flat plane' rule for falls).,"Curtain is a flat-ish two-row strip (checks feedback_waterfall_must_have_volume — this IS almost flat). Pool is a single-segment fan disk. No mist zone, no foam edge, no thickness taper — exactly the failure mode called out in memory.","Curtain needs front curvature >=3 segments, thickness taper top->bottom, plunge pool needs bowl not flat disc. Integrate with terrain_waterfalls_volumetric profile.",critical
19,_terrain_world.py,erode_world_heightmap,221,B,—,—,B,Gaea Erosion2 / World Machine Erosion,"Single-region erosion preserving source domain (no normalize/denormalize round-trip), returns flow metadata.",Default 1000 hydraulic iterations is far below AAA (Gaea 10k+ for visible gully detail). Thermal only if explicitly asked.,Raise default to 10k+; auto-scale with resolution.,important
20,_terrain_world.py,generate_world_heightmap,110,B,—,—,B,Gaea canvas sampler at world window,Deterministic world-window sampling with world origin + cell size — tile-safe by default. normalize=False preserves the contract.,Thin wrapper around generate_heightmap; assumes single-scale noise; no macro/meso/micro composition.,Compose tectonic plates + regional distortion + local detail as separate noise layers (Gaea Mountain+Hills+Rocks).,polish
21,_terrain_world.py,pass_erosion,459,A-,—,—,A-,Gaea Erosion2 / Houdini Erosion node,"Layered approach: analytical erosion (chunk-parallel deterministic) -> hydraulic droplet -> thermal talus. Respects protected zones per-cell, region scoping with pre-snapshot restore. Per-profile (temperate/arid/alpine) config. Derives deterministic seed.",Default iterations 200-600 are low vs Gaea's 10k+; no explicit sediment transport conservation check; thermal uses only 6 iterations always.,Expose iteration scaling with tile resolution; add mass-balance validation.,important
22,_terrain_world.py,pass_macro_world,369,B-,—,—,B-,Gaea Mountain/Hills base layer,Verifies height channel and records metrics. Idempotent.,Docstring admits it's effectively a no-op — height is populated at state construction. A real macro pass should orchestrate tectonic base + regional distortion. Currently it's a validator masquerading as a generator.,"Actually call generate_world_heightmap from authoring intent here, so macro_world owns the base terrain, not state construction.",important
23,_terrain_world.py,pass_structural_masks,417,B+,—,—,B+,Gaea Analysis nodes (Slope/Convexity/Flow/Ridge),Delegates to terrain_masks.compute_base_masks which produces slope/curvature/concavity/convexity/ridge/basin/saliency — all the analysis channels a AAA pipeline expects.,supports_region_scope=False (always full-tile) which is correct but expensive; saliency_macro is a single scalar metric name rather than documented formula.,Doc each channel's formula and add tests that compare against a Houdini reference.,polish
24,_terrain_world.py,pass_validation_minimal,628,B,—,—,B,Houdini Asserts / UE validation framework,Finite-check on height and NaN/inf scan across channels — solid minimal invariants.,"Truly minimal — no range checks (height bounds), no monotone drainage validation, no seam validation with neighbors.",Add range + seam checks so 'validation' earns the name.,polish
25,_water_network.py,_alloc_network_id,,—,A,—,A,,,,,polish
26,_water_network.py,_alloc_node_id,,—,A,—,A,,,,,polish
27,_water_network.py,_alloc_segment_id,,—,A,—,A,,,,,polish
28,_water_network.py,_compute_river_depth,,—,A-,—,A-,,,,,polish
29,_water_network.py,_compute_tile_contracts,,—,C+,—,C+,,,,,important
30,_water_network.py,_find_high_accumulation_sources,,—,B,—,B,,,,,important
31,_water_network.py,_grid_to_world,,—,A,—,A,,,,,polish
32,_water_network.py,assign_strahler_orders,,—,C,—,C,,,,,critical
33,_water_network.py,compute_river_width,86,A-,A-,—,A-,Hydraulic geometry (Leopold-Maddock relation),Correct sqrt scaling — width ~ sqrt(discharge) is the accepted hydraulic-geometry relation. Min/max clamp.,Scale factor is hardcoded default; no regional-calibration hook.,Expose scale_factor via biome/climate params.,polish
34,_water_network.py,compute_strahler_orders,,—,B+,—,B+,,,,,polish
35,_water_network.py,detect_lakes,170,B+,B,—,B+,Priority-flood spill-point analysis (Gaea Lake node),Pit detection + flood-fill to spill height + area/inflow records; correct set-based visited tracking.,"Naive pit detection (cell < all 8 neighbors) misses plateau lakes where multiple cells share min; spill_z is lowest neighbor, not true watershed spill.",Use priority-flood algorithm (Barnes 2014) for real watershed spill computation.,important
36,_water_network.py,detect_waterfalls,252,B,A-,—,B+,Heuristic waterfall finder,"Sliding-window scan along a river path, finds best drop in bounded horizontal distance, skips past detected falls.","Only scans explicit river_path — won't find falls off the given path; best_drop is scalar, not rate (drop/horiz).",Score by drop rate (drop/horiz_dist); also run independently on drainage raster.,polish
37,_water_network.py,from_dict,,—,A-,—,A-,,,,,polish
38,_water_network.py,get_tile_contracts,,—,A,—,A,,,,,polish
39,_water_network.py,get_tile_water_features,,—,B,—,B,,,,,important
40,_water_network.py,get_trunk_segments,,—,A-,—,A-,,,,,polish
41,_water_network.py,to_dict,,—,B,—,B,,,,,important
42,_water_network.py,trace_river_from_flow,119,A-,B+,—,A-,Houdini flow-following / Gaea Flow Trace,"D8 descent with visited-set, pit detection, accumulation-drop guard against infinite loops.",Uses Python list for path — okay for single rivers; min_accumulation check '> 0' allows starting cell below threshold.,Vectorize for bulk source processing.,polish
43,atmospheric_volumes.py,_count_by_type,438,—,A,—,A,,,,,polish
44,atmospheric_volumes.py,compute_atmospheric_placements,172,C+,B+,—,B,UE5 volumetric fog / Horizon Forbidden West localized fog sheets,"Per-biome rules, area-based count calculation using volume footprint per shape, deterministic.","Uniform random placement — no clustering around terrain features (god_rays should emit from tree gaps, fireflies near water). No occlusion/collision awareness. Volume area math for cone uses (h*0.5)^2 — arbitrary approximation.","Accept heightmap + masks (ridge, water, canopy) and bias placement by feature affinity per volume type.",important
45,atmospheric_volumes.py,compute_volume_mesh_spec,282,C,B,—,B-,UE5 volumetric proxy mesh,"Three shape branches (box, 12-vertex icosphere-like, 8-segment cone). Deterministic.",Icosphere is actually a dodecahedron arrangement (uses 12 verts but faces have errors — 'next_next if next_next <= segments else 1' in cone logic is suspicious and produces degenerate tris). Mesh resolution is too coarse for any close-up.,Replace with proper icosphere subdivision (subdiv=1 gives 42 verts); fix cone face generation math.,important
46,atmospheric_volumes.py,estimate_atmosphere_performance,389,B-,A-,—,B+,UE5 GPU stat scope estimator,Simple linear cost model + threshold-based recommendation. Easy to tune.,Uses arbitrary thresholds (15/30/60/100) with no ms-budget grounding; assumes all particle/distortion volumes cost the same.,Calibrate against actual GPU profile data from a reference scene.,polish
47,coastline.py,_compute_material_zones,398,—,C+,—,C+,,,,,important
48,coastline.py,_fbm_noise,101,—,A-,—,A-,,,,,polish
49,coastline.py,_generate_coastline_mesh,167,—,B,—,B,,,,,important
50,coastline.py,_generate_shoreline_profile,119,—,B,—,B,,,,,important
51,coastline.py,_hash_noise,94,—,B+,—,B+,,,,,polish
52,coastline.py,_place_features,257,—,B-,—,B-,,,,,important
53,coastline.py,apply_coastal_erosion,611,B,C,B+,B-,Gaea Erosion applied at coast,Recomputes wave energy on demand; respects rock_hardness for differential erosion (softer erodes more).,hints_wave_dir=0.0 hardcoded — should pull from state hints; max 3m drop per pass is fixed.,Thread wave dir through and parameterize max drop.,important
54,coastline.py,compute_wave_energy,568,A-,B+,A-,A-,Sea of Thieves wave-energy modeling / Houdini coastal exposure analysis,"Real physical model: shoreline band (gaussian around sea level), directional exposure from gradient dot-product with wave direction, clipped properly. Vectorized numpy.",Hardcoded 5m decay constant for shoreline band; no fetch-length modeling.,Parameterize decay; add fetch (distance from incoming wave source).,polish
55,coastline.py,detect_tidal_zones,644,A-,A-,A,A-,UE5 water tidal mask,Clean vectorized band + linear taper outside; writes to stack.tidal; accepts zero-range gracefully.,Linear taper; real intertidal zones have exponential drainage patterns.,Exponential taper optional; integrate with wet_rock merge.,polish
56,coastline.py,generate_coastline,454,B,A-,A,A-,SpeedTree coastal kit / World Creator coast node,Four styles (rocky/sandy/cliffs/harbor) with distinct shore profiles + feature kits + material zones; validates inputs; returns mesh + features + material_zones + shoreline_profile.,"Uses hash-based pseudo-noise (_hash_noise) which is low-quality compared to OpenSimplex; style-specific elevation logic is hardcoded if/elif chain; cliff z-step is a discrete jump ('if land_factor > 0.3: z = base_elev * min(1,...)').",Swap hash_noise for proper 2D OpenSimplex; smooth cliff z-profile; parameterize per-style in a config dict.,important
57,coastline.py,pass_coastline,670,B+,B,A-,B+,Coastal geology pass,"Wires hints (sea_level, tidal_range, wave_dir, apply_retreat) from state.intent.composition_hints — composable. Reports wave energy metrics.","Doesn't actually mutate height even when coastal_erosion_enabled — it stores delta but carving is the caller's job. Metrics advertise tidal_coverage_fraction, good.",Option to apply the delta directly like pass_waterfalls does with pool_delta.,important
58,environment.py,_execute_terrain_pipeline,,—,A,—,A,,,,,polish
59,environment.py,handle_carve_river,2609,A-,A-,—,A-,Houdini river carve along spline / Gaea River node,"Extracts heightmap from mesh, uses _detect_grid_dims (non-square safe), WorldHeightTransform for signed-range preservation (no corruption of negative-elevation worlds), waypointed multi-segment carve, derives river surface Z separately from bed Z, smooths both, returns path_points and bed_points in world coords.",Uses bmesh per-vertex update which is slow on dense terrain; depth param interpretation has a normalization clamp.,Batch vertex updates via foreach_set.,polish
60,environment.py,handle_carve_water_basin,5002,B,A-,—,B+,Lake-basin carving handler,Named handler exists with clear intent.,Not deeply inspected.,Verify basin carves respect protected zones and flow accumulation.,polish
61,environment.py,handle_create_cave_entrance,3563,B,B+,—,B+,Cave portal authoring handler,Handler exists and is wired.,Not deeply inspected — grading by association with generate_cave_entrance_mesh (C).,Upgrade geometry via terrain_caves path integration.,polish
62,environment.py,handle_create_water,4575,A-,B,—,B+,UE5 Water System (SingleLayerWater shader + spline river),Spline-following cross-section mesh; vertex color layer 'flow_vc' encoding bank contact + flow dir XY + foam in RGBA; UV tiling by arc length; terrain-aware bank height sampler; terminal-taper; preview_fast/surface_only modes; smoothed flow speeds; river_bank_contact resolver with side_sign. This is genuine AAA-track authoring.,Still falls back to simple grid when no path_points; many params (20+) suggests feature bloat; _build_terrain_world_height_sampler builds a new sampler per call.,Cache sampler per terrain object.,polish
63,environment.py,handle_export_heightmap,5160,B+,A,—,A-,Unity Terrain RAW 16-bit LE importer / UE Landscape import,Purpose-built for Unity RAW16 LE export per CLAUDE.md protocol.,Not deeply inspected.,Add auto-validation of exported file (dims/endianness).,polish
64,environment.py,handle_generate_multi_biome_world,5244,B+,A-,—,A-,Large-scale world gen (PCG World Partition),Name and integration with WorldMapSpec indicate real multi-biome composition.,Not deeply inspected.,Confirm it exercises pass_coastline + pass_waterfalls + pass_caves in sequence.,polish
65,environment.py,handle_generate_road,3617,B+,A-,—,A-,UE5 Landmass road tool / Gaea Path,"Has crown-and-ditch profile (_apply_road_profile_to_heightmap inspected — real cross-section deformation with outer_radius for shoulder), grade-strength, proper segment iteration with distance-to-segment math.",Not deeply inspected for full signature; linear interpolation for segments (no spiral easing).,Add clothoid easing; bank roads on grades.,polish
66,environment.py,handle_generate_terrain,1257,A-,A-,—,A-,UE5 Landscape editor full procedural pipeline,"Dual-path (controller vs legacy) with fallback; VB biome preset resolution with override logic; AAA erosion minimum (150K droplets) matches user's quality bar; controller pass sequence composition with missing-pass graceful skip; flatten_zones, cliff_overlays, moisture_map, object_location respect; returns full metadata including heightmap and cell_size for downstream.",Massive handler (330+ lines) — hard to test; legacy path bypasses controller entirely (risk of divergent behavior); moisture_map logic only runs on legacy path.,Extract into smaller orchestration functions; unify legacy and controller paths.,important
67,environment.py,handle_generate_terrain_tile,1589,B+,B+,—,B+,UE5 World Partition tile authoring,Proper tile coords + cell_size + world origin threading for seam-safety.,"Not inspected in full, but naming + params suggest proper world-tiled authoring.",Assert seam validation against neighbor tiles after generation.,polish
68,environment.py,handle_generate_waterfall,2184,A-,B+,—,A-,Water-network-derived authoring in Horizon/RDR2,Proper error-first guard: requires heightmap/water-network context unless explicit legacy opt-in; picks closest candidate by world-pos; derives facing_direction from top->bottom vector; wires functional_objects (river/pool/mist/foam/wet_rock/particles) with naming contract enforcement; publishes real Blender objects with material.,Still calls legacy generate_waterfall as fallback — deprecated geometry flagged but reachable. Functional_objects_materialized path has silent except.,Remove legacy fallback entirely after grace period; stop swallowing materialize errors.,important
69,environment.py,handle_generate_world_terrain,1772,B,B,—,B,World Machine single-shot world export,Owns the 'one world heightmap' path — complements tile-based flow.,Not deeply inspected — but the dual (world vs tile) interface is a code-duplication risk.,Share core with tile version via a core generator.,polish
70,environment.py,handle_paint_terrain,2497,B,B,—,B,UE Landscape paint tool,Named for its job; ties into material system.,Not inspected in full.,Verify it respects biome palette and vertex-color splatmap contract.,polish
71,environment.py,handle_run_terrain_pass,2123,B+,B,—,B+,Node-graph single-pass invocation,Blender-side wrapper for the pure controller.run_pass; lets agents iterate on individual passes.,Relies on controller state living across calls — session-scoped state management not explicitly checked here.,Add explicit session id param for multi-map workflows.,polish
72,environment.py,handle_stitch_terrain_edges,2409,B-,A-,—,B+,UE5 World Partition seam stitcher,Handler exists for a critical multi-tile operation.,"Docstring says 'Fallback seam stitcher' — suggests this is the backup path, real seams handled elsewhere; not inspected in full.",Fold into the primary tile pipeline if possible.,polish
73,environment_scatter.py,_add_leaf_card_canopy,637,—,B+,—,B+,,,,,polish
74,environment_scatter.py,_assign_scatter_material,146,—,B+,—,B+,,,,,polish
75,environment_scatter.py,_create_grass_card,826,—,B+,—,B+,,,,,polish
76,environment_scatter.py,_create_prop_template,1519,—,B+,—,B+,,,,,polish
77,environment_scatter.py,_create_template_collection,493,—,A-,—,A-,,,,,polish
78,environment_scatter.py,_create_vegetation_template,503,—,B,—,B,,,,,important
79,environment_scatter.py,_generate_combat_clearing,972,—,A-,—,A-,,,,,polish
80,environment_scatter.py,_prop_rotation,255,—,A-,—,A-,,,,,polish
81,environment_scatter.py,_rock_size_from_power_law,953,—,B,—,B,,,,,important
82,environment_scatter.py,_sample_heightmap_surface_world,334,—,A-,—,A-,,,,,polish
83,environment_scatter.py,_sample_heightmap_world,392,—,A,—,A,,,,,polish
84,environment_scatter.py,_scatter_pass,1057,—,B-,—,B-,,,,,important
85,environment_scatter.py,_terrain_axis_spacing_from_extent,417,—,A,—,A,,,,,polish
86,environment_scatter.py,_terrain_cell_size_from_extent,429,—,A,—,A,,,,,polish
87,environment_scatter.py,_terrain_height_sampler,261,—,B,—,B,,,,,important
88,environment_scatter.py,_vegetation_rotation,249,—,A-,—,A-,,,,,polish
89,environment_scatter.py,_world_to_terrain_uv,311,—,A-,—,A-,,,,,polish
90,environment_scatter.py,create_leaf_card_tree,744,—,B+,A-,A-,,,,,polish
91,environment_scatter.py,handle_create_breakable,1638,B-,B-,A-,B,UE5 Chaos destructible,Named handler for breakable props.,Not inspected; breakable meshes require fracture data typically not generable in Blender handler.,Wire to a proper fracture pipeline (Cell Fracture addon).,polish
92,environment_scatter.py,handle_scatter_props,1565,B,B,A,B+,UE5 PCG prop scatter,Sibling to vegetation scatter; likely reuses infrastructure.,Not deeply inspected.,Ensure parity with vegetation scatter exclusions.,polish
93,environment_scatter.py,handle_scatter_vegetation,1266,A-,B-,B,B,UE5 PCG vegetation / SpeedTree foliage pipeline,Poisson disk sampling + biome-filtered placement + slope rejection + moisture filter + building/road exclusion zones with proportional margins + collection instances (not individual objects) for performance + per-template billboard LOD setup. Production-oriented.,Exclusion-zone loop is O(objects * placements) — slow with many plots; billboard threshold is vertex-count based rather than screen-coverage aware.,Spatial hash for exclusion; hysteresis on LOD switch.,important
94,terrain_advanced.py,TerrainLayer,,—,—,A,A,,,,,
95,terrain_advanced.py,TerrainLayer.__init__,468,B+,—,—,B+,Gaea Layer / World Machine Layer View / Houdini Heightfield Layer,"Enforces a validated blend-mode enum, uses __slots__, zeroed float64 numpy storage, and clamps strength to [0,1] for predictable blend behavior.","Stores only heights — no mask/visibility channel, no per-layer bounding box, no dirty-region tracking — AAA layer systems also carry mask, opacity, and material-ID channels.","Add an optional mask numpy array, a visibility flag, and a dirty-rect for incremental flatten_layers.",polish
96,terrain_advanced.py,TerrainLayer.from_dict,497,C+,—,—,C+,Layer deserialization,"Mirrors to_dict exactly, uses defaults for missing blend_mode/strength, and reshapes to declared shape.","No schema versioning, no validation of data length vs shape, crashes if 'data' key missing — not robust for forward/backward compatibility.","Add a 'version' field, validate len(data) == shape[0]*shape[1], and support npy/base64 payloads.",polish
97,terrain_advanced.py,TerrainLayer.to_dict,486,C,—,—,C,Layer serialization in Gaea .tor / UE Landscape layer cache,Simple round-trippable dict matching from_dict with full data included.,"Serializes the entire heightmap as a plain Python list via tolist() — for a 512x512 layer that is 256K JSON-encoded floats stored on a Blender ID-property; no compression, no npz fallback, massive file bloat.","Use base64-encoded numpy .npy bytes (or numpy.save into a BytesIO) with a schema version, and store large blobs as external .npz files referenced by hash.",important
98,terrain_advanced.py,_auto_control_points,74,—,A-,—,A-,,,,,polish
99,terrain_advanced.py,_cubic_bezier_point,50,—,A,—,A,,,,,polish
100,terrain_advanced.py,_detect_grid_dims,24,—,B-,—,B-,,,,,important
101,terrain_advanced.py,apply_layer_operation,511,C+,B,A,B,Gaea brush ops / UE Landscape sculpt brushes (raise/lower/smooth/noise),"Correctly maps world→grid via terrain_origin center-offset, supports 5 operations, uses elliptical bounds and smooth falloff, and returns affected cell count.","Pure-Python double loop over the brush rect kills performance on 1024+ grids; 'smooth' uses a 3x3 box (not Gaussian); 'noise' is per-cell gauss (unbounded, non-spatially-coherent — AAA uses simplex/perlin at brush scale); 'stamp' replaces instead of blends.","Vectorize via numpy masked ops, replace smooth with scipy gaussian_filter or separable 5x5 Gaussian, replace noise with simplex noise sampled at brush-scale frequency, and change stamp to add/blend with existing heights.",important
102,terrain_advanced.py,apply_stamp_to_heightmap,1247,C,C+,A,B-,UE Landscape import height stamp / Gaea Stamp apply,"Correct world→grid mapping, elliptical bounds, and per-cell falloff gating.",The blend math `edge_falloff*(1-falloff) + edge_falloff*falloff` algebraically collapses to just edge_falloff — the falloff parameter is inert; nearest-integer stamp sampling (no bilinear); additive only (no min/max/replace modes); rotation is unsupported.,"Fix the degenerate blend formula (lerp between hard and soft edges properly), add bilinear stamp sampling, expose add/max/replace/multiply blend modes, and add a rotation parameter.",critical
103,terrain_advanced.py,apply_thermal_erosion,1122,C+,B+,B+,B,Houdini Heightfield Erode Thermal / Gaea Thermal node,"Correct 4-neighbor talus-based slump with excess-fraction redistribution, stable iteration loop, and sensible defaults.",Pure-Python double loop is 100x slower than a numpy vectorized version; uses 4-neighborhood only (no diagonals) so scree fans look axis-aligned; no angle-of-repose per-material layer; returns .tolist() blowing memory for 512+ maps.,"Vectorize with numpy shift operations (np.roll + max), add 8-neighborhood with sqrt(2) distance scaling, and expose per-cell talus from a mask for multi-material slopes.",important
104,terrain_advanced.py,compute_erosion_brush,795,C-,B,A+,B,Gaea Erosion brush / World Machine Erosion / Houdini Heightfield Erode,"Three named modes under a single brush API, preserves source value range post-NaN scrub, and uses falloff-weighted transfer.","Hydraulic model has no sediment/water channels — it is a slope-redistribution stencil with a hardcoded 0.1 factor, nothing like the Mei-Hill or particle-based hydraulic solvers used by Gaea/Houdini; wind erosion is literally gauss() with fixed +X deposit; thermal duplicates apply_thermal_erosion weakly; pure-Python nested loops make it unusable for brushes over ~64px.",Replace hydraulic with a particle-based droplet solver (Hans-Beyer) or MEI full-shallow-water with sediment/water/flux fields; vectorize with numpy; add anisotropic wind with a direction vector.,critical
105,terrain_advanced.py,compute_falloff,258,B+,B,A,B+,Gaea/World Machine brush falloff curve / UE Landscape brush falloff presets,"Provides 4 named falloff shapes (smooth cosine, sharp quadratic, linear, constant) with clear clamping and a sensible error on unknown type.","No custom curve/ramp support — AAA brush tools expose user-authored Bezier/AnimationCurve falloffs and additional presets (smoothstep, sphere, inverse-square).","Accept an optional list-of-(t,value) control-point curve or smoothstep variant, and cache the four built-in shapes as numpy LUTs for vectorized callers.",polish
106,terrain_advanced.py,compute_flow_map,999,B-,A-,A,B+,Houdini Heightfield Flow / Gaea Flow node,Correct textbook D8 flow direction + top-down flow-accumulation by sorted height + full drainage-basin labelling with cycle guard.,Pure-Python triple-nested loop makes it prohibitive for >256 grids (minutes on 512); D8 has known artifacts (parallel channel stripes) — AAA uses D-infinity (Tarboton) or multiple-flow-direction; no pit-filling pre-pass so internal pits create spurious basins; returns .tolist() which balloons memory.,"Vectorize flow direction with numpy roll tricks, add a Planchon-Darboux pit-fill pre-pass, offer D-inf / MFD alternatives, and return numpy arrays optionally.",important
107,terrain_advanced.py,compute_spline_deformation,281,B-,B,A,B+,Gaea Route / Houdini Heightfield Project Path / UE Landscape Spline Deform,Implements four deformation modes (carve/raise/flatten/smooth) with a tidy core+blend-zone falloff split and proper flatten-to-spline-height interpolation.,"Only modifies vertex Z without blending lateral shoulders into valley walls; 'smooth' mode degenerates to a weak pull-toward-spline-Z with no neighborhood averaging; no cross-section profile (flat bottom, bank angles, cutbanks).",Add a user-provided cross-section curve (width vs depth) and a proper Laplacian smoothing pass for mode='smooth'; raymarch along spline normal to produce true trench/berm profiles.,important
108,terrain_advanced.py,compute_stamp_heightmap,1202,C,A-,A,B+,Gaea Stamp / Houdini Heightfield Noise/Stamp library,Six named radial stamps (crater/mesa/hill/valley/plateau/ridge) plus custom heightmap passthrough with a clean enum-validated API.,"All built-in stamps are trivially analytic radial functions — a real crater has an asymmetric rim with ejecta rays and a central peak; a mesa has fracture patterns; these look like math primitives, not terrain features; fixed 64px resolution truncates detail.","Replace built-ins with real heightmap tiles (PNG/EXR library) — craters with ejecta blankets, mesas with ridge noise overlay, plus FFT-resampling to arbitrary resolution; keep analytic shapes only as fallbacks.",critical
109,terrain_advanced.py,distance_point_to_polyline,163,B+,A-,A,A-,Houdini xyzdist() / UE Landscape Spline closest-point query,Correct XY-projected segment closest-point with normalized t-along-spline output and proper degenerate-segment handling.,Brute-force O(N*M) scan of every polyline segment per vertex — AAA toolchains use spatial acceleration (BVH or uniform grid) and typically query in 3D not just XY.,Build a segment AABB grid or BVH once per spline and query per-vertex; optionally offer 3D distance for vertical splines.,important
110,terrain_advanced.py,evaluate_spline,132,B,B+,A,B+,Houdini Spline SOP / UE5 Spline Component evaluation,Clean Catmull-Rom-style tangent estimation via cubic Bezier segments with configurable tension produces C1-smooth polylines suitable for road/river paths.,"Uses fixed uniform parameter sampling (no arc-length reparameterization), so point density clumps on tight curves and spreads on straights — AAA spline tooling samples by arc length for even corridor width.",Add arc-length reparameterization pass (cumulative segment length lookup) and expose a tolerance-based adaptive subdivision for curvature.,important
111,terrain_advanced.py,flatten_layers,604,B,B+,A,B+,Gaea Combine node / Houdini Heightfield Layer merge,"Proper ordered blend pipeline with ADD/SUBTRACT/MAX/MIN/MULTIPLY modes, strength scaling, and nearest-neighbor resize when layer shapes differ from base.",Nearest-neighbor resize produces blocky aliasing on mismatched layers; MULTIPLY is hardcoded as (1+lh) which is idiosyncratic; no OVERLAY/SCREEN/SOFT-LIGHT modes; no per-layer mask channel.,"Use bilinear/lanczos resize, add overlay/screen/soft-light, honor a per-layer mask, and expose an explicit multiply semantic (direct multiply vs 1+offset).",polish
112,terrain_advanced.py,flatten_multiple_zones,1564,B-,A-,A,B+,Batch flatten across multiple building footprints,Straightforward sequential application of flatten_terrain_zone with per-zone parameters and safe key defaults.,"Sequential application means later zones fight earlier ones in overlap regions (last-writer-wins) — AAA batch flatten resolves overlaps via max/min/priority or unified mask; no overlap warning; O(Z*H*W) with Z zones, no spatial bucketing.","Build a combined mask with per-cell priority/blend and apply in one pass, or expose an overlap-resolution mode (max/min/weighted).",polish
113,terrain_advanced.py,flatten_terrain_zone,1496,B+,A-,A+,A-,UE Landscape Flatten brush / Gaea Terrace flat zone,"Vectorized numpy implementation with smoothstep C1 blend, auto target height from in-radius mean, and careful source-range preservation (no silent [0,1] clip) with NaN/inf scrubbing.",Circular only (name says 'zone' but no ellipse or rectangle support); blend is isotropic and cannot match building footprint shapes; seed parameter is unused (documented 'reserved').,"Accept (radius_x, radius_y) or a polygon mask; add optional noise-perturbed blend edge using seed; support rectangular/OBB footprints aligned to building rotation.",important
114,terrain_advanced.py,handle_erosion_paint,912,C,B,A-,B,UE Landscape Erosion sculpt brush,Cleanly wires bmesh read/write around compute_erosion_brush with _detect_grid_dims-based reshape and parameter validation.,Inherits all weaknesses of compute_erosion_brush (toy hydraulic/wind); no undo; blocks Blender main thread during slow pure-Python erosion; doesn't rebuild normals after displacement so shading looks wrong.,"Move compute into a numpy/numba path, call mesh.calc_normals_split or bmesh normal update post-mutation, and add a progress/cancel mechanism.",important
115,terrain_advanced.py,handle_snap_to_terrain,1399,B,B+,A,B+,UE Foliage/Blueprint SnapToGround / Unity Terrain.SampleHeight,"Proper world↔local matrix handling for ray_cast, optional normal alignment using axis-angle rotation, per-object result reporting, and configurable offset.","Single downward ray with no fallback (misses on overhangs/cliffs); normal alignment replaces the entire rotation_euler, destroying any authored yaw; no multi-sample averaging for stable placement on noisy terrain; no parallelization for large object lists.",Preserve object yaw by only tilting to normal around the vertical; add multi-sample footprint averaging; offer a fallback raycast from object centroid and an up-ray option for ceiling snap.,important
116,terrain_advanced.py,handle_spline_deform,381,B,B,A-,B+,UE Landscape Spline tool / Unity Terrain path carve,"Correctly wraps the pure-logic function with bmesh round-trip, validates object existence and point count, and clamps samples_per_segment.","Operates on object-local coords but the pure-logic uses world-space spline points — no matrix_world transform, so splines break when the terrain is moved/scaled/rotated; no undo support or mesh-data integrity checks.","Transform spline_points through obj.matrix_world.inverted() before calling compute_spline_deformation, and register with bpy.ops.ed.undo_push for editor undo.",critical
117,terrain_advanced.py,handle_terrain_flatten_zone,1594,C+,C,A,B-,UE Landscape Flatten tool on an arbitrary mesh,"Handles arbitrary non-grid meshes by binning vertices into a grid, fills NaN cells via column/global mean, and applies per-vertex delta to preserve mesh topology rather than reshape-assuming row-major.","Grid binning loses sub-cell detail and reintroduces aliasing; fetches delta via grid[row_idx, col_idx] nearest-neighbor (no bilinear); target_height normalization recomputes z_min/z_max on the binned grid not the vertices; two dead `_ = max(..., 1e-6)` lines signal unfinished normalization logic; ellipse radius_x/radius_y collapses to a single averaged flat_radius so non-circular zones aren't actually supported despite the param surface.","Use bilinear interpolation when sampling delta back to vertices, honor radius_x vs radius_y as a true ellipse in the pure-logic call, remove dead code, and compute target normalization from the real vertex Z range.",important
118,terrain_advanced.py,handle_terrain_layers,652,C+,B,B+,B,UE Landscape layer UI / Gaea layer panel,Full CRUD routing (add/remove/modify/flatten/list) with JSON-serialized state persisted on the mesh custom property and layer-name lookup.,Every mutation re-serializes the full layer stack to a JSON string on an ID-property — will bloat .blend files and fail silently at ID-property size limits; flatten_layers assumes vertex order equals row-major reshape which breaks on non-grid meshes despite _detect_grid_dims; no undo integration.,"Persist layers as an external .npz per terrain keyed by hash, chunk large layers, and add depsgraph-aware undo.",important
119,terrain_advanced.py,handle_terrain_stamp,1319,C,B,A-,B,UE Landscape Stamp tool,"Clean bmesh integration, parameter defaults, and reuse of pure-logic compute_stamp_heightmap + apply_stamp_to_heightmap.",Inherits the inert-falloff bug and primitive stamp shapes from its dependencies; hardcoded 64x64 stamp resolution; no rotation; uses object-local terrain_size from obj.dimensions which breaks when mesh is transformed.,"Plumb resolution/rotation/blend-mode params, transform position through inverse matrix_world, and fix the falloff degenerate blend.",important
120,terrain_caves.py,_build_chamber_mesh,1079,—,A-,—,A-,,,,,polish
121,terrain_caves.py,_build_synthetic_state,982,—,B+,—,B+,,,,,polish
122,terrain_caves.py,_cell_to_world,202,—,A,—,A,,,,,polish
123,terrain_caves.py,_find_entrance_candidates,740,—,B,—,B,,,,,important
124,terrain_caves.py,_protected_mask_for_caves,221,—,B+,—,B+,,,,,polish
125,terrain_caves.py,_region_to_slice,210,—,A,—,A,,,,,polish
126,terrain_caves.py,_world_to_cell,190,—,A-,—,A-,,,,,polish
127,terrain_caves.py,build_cave_entrance_frame,499,B-,A-,A,B+,Skyrim/ESO cave portal kit,"Per-archetype framing count (2 or 3), computes lintel position from entrance_height, vegetation_screen predicate, occlusion_shelf intent.","Framing rocks are just world positions + radius — no actual shape variation, no per-archetype material hint.",Specify rock asset kit per archetype + size variance + biased noise for position.,polish
128,terrain_caves.py,carve_cave_volume,436,B,A-,B,B+,Voxel carve along spline (UE5 Voxel Plugin),Proper vectorized np.mgrid footprint per waypoint; taper by distance from path center; deepest-delta-per-cell merge; populates cave_candidate bool mask.,Flat 2D footprint — heightmap can't represent true 3D caves (the delta only lowers terrain surface). For real caves this needs voxel/mesh-boolean backend.,Wire through to a voxel field (terrain_advanced) so caves are true 3D volumes.,critical
129,terrain_caves.py,generate_cave_path,344,B,B+,A-,B+,Houdini curve-based cave authoring / UE5 Voxel Farm cave curve,"Per-archetype path shape (LAVA_TUBE straight, FISSURE vertical, KARST plunge-then-arm, GLACIAL meander, SEA_GROTTO shallow). Deterministic rng.","All paths are 2D polylines with simple trigonometric jitter — no branching, no chamber nodes, no inclination variation within archetype.","Add branching (Y-splits), chamber hubs along path, per-archetype branch probability.",important
130,terrain_caves.py,generate_damp_mask,618,B+,A-,B,B+,UE5 wetness mask shader driver,Vectorized np.mgrid per waypoint with proper max-merge; preserves existing wet_rock.,Linear falloff — real damp patterns follow seepage paths (downslope preference).,Bias falloff downslope of path.,polish
131,terrain_caves.py,get_cave_entrance_specs,908,—,B,A-,B+,,,,,important
132,terrain_caves.py,handle_generate_cave,1127,B-,B,B+,B,MCP handler shim over cave authoring,Bridges params dict to pass_caves via synthetic state; returns debris/frame geometry intent.,Uses synthetic state builder — real scene_read may not be present; chamber mesh is a simple box loft.,Prefer actual scene state over synthetic; richer chamber mesh.,polish
133,terrain_caves.py,make_archetype_spec,152,—,A-,A,A,,,,,polish
134,terrain_caves.py,pass_caves,759,A-,B,A-,B+,UE PCG cave authoring graph,"End-to-end: scene_read-derived entrances, per-cave deterministic seed via hash-mix, protected-zone cell check, archetype pick, path+carve+frame+debris+damp, cave_candidate protected masking, side_effects recorded for downstream bundles, validation.",Only processes scene-read supplied entrances (no auto-discovery from heightmap features); cell_count recomputed per loop.,Add auto-entrance detection using cliff-edge + slope + basin proximity when scene_read is empty.,important
135,terrain_caves.py,pick_cave_archetype,252,—,B,C+,B-,,,,,important
136,terrain_caves.py,register_bundle_f_passes,890,—,A,A,A,,,,,polish
137,terrain_caves.py,scatter_collapse_debris,568,B,B+,A,B+,UE5 PCG debris scatter,"Deterministic, density-scaled, normal-jitter around path; caps count 200 to bound work.","No clustering (debris typically piles), no collision with entrance frame; all debris same type.",Add Poisson clustering + per-cluster type.,polish
138,terrain_caves.py,validate_cave_entrance,666,—,A-,A,A,,,,,polish
139,terrain_features.py,_fbm,,—,A-,—,A-,,,,,polish
140,terrain_features.py,_hash_noise,,—,B+,—,B+,,,,,polish
141,terrain_features.py,generate_canyon,69,C-,B,—,C+,"Houdini Heightfield carve + side tributary erosion (e.g. RDR2 Grand Canyon, Uncharted Lost Legacy canyons)","Produces a coherent three-piece mesh (floor + two walls) with wall-height-based material banding (wet_rock low, canyon_wall mid) and floor path waypoints useful for nav.","Canyon is a straight rectilinear trench along X with only mild y-offset wall noise; no meander, no talus slopes, no stratified horizontal rock layers, and 'side caves' are only metadata dicts with zero actual mesh carved into the walls.","Build canyon centerline via meandering spline, carve walls from a base heightmap with multi-octave stratified erosion, generate real boolean cave voids at each side cave, and add scree/debris cones at wall bases.",critical
142,terrain_features.py,generate_cliff_face,497,C-,B,—,C+,"Uncharted / Tomb Raider climbable cliff with ledge kit, or UE Landscape Layer Blend with overhang tool.","Two-octave noise on face, explicit overhang lean at the top quartile with underside sheet, and a separate ledge-path ribbon usable for climbing.","Base cliff is still a single planar heightfield tilted at the top (not true overhangs with undercut), cave entrances are metadata only with no holes punched in the face, and ledge ribbon is a flat two-vertex strip with no thickness or railings/handholds.","Use a displaced volumetric slab (front + top + underside stitched) so overhang becomes a real shelf, boolean-carve cave entrances through the face, and extrude the ledge into a 3D walkable shelf with chamfered edge.",important
143,terrain_features.py,generate_floating_rocks,1533,C+,B-,—,B-,Avatar/Horizon floating islands or Zelda TOTK sky islands; Houdini Voronoi-fractured rock clusters.,"Each rock is a real latitude/longitude tessellated sphere with two-octave noise on both radius and z, proper top/mid/bottom cap handling and even a fallback for mismatched segment counts; chain link geometry is actual extruded 4-sided rings, not just metadata.","Chain 'links' are open cylindrical shafts stacked vertically (not interlocked torus rings), rocks are fundamentally noisy spheres with no sharp fractured planes or crystalline protrusions, undersides look identical to tops (same material differentiation is purely tag-based), and there is no island flat top / grass zone typical of fantasy float rocks.","Replace sphere base with Voronoi-fractured polyhedra giving flat facets, differentiate top via flattened cap + grass mask, make chain links actual torus primitives interlocking at 90-degree alternation, and add crystal vein mesh geometry rather than just material tag.",important
144,terrain_features.py,generate_geyser,1110,C,B,—,B-,"Yellowstone-style travertine terrace (RDR2 Cotorra Springs, Horizon hot springs) with layered sinter steps.","Three-tier terraced ring structure with per-tier z offset and radial noise, plus a cone vent with base/mid/tip rings and sulfur-crust material, which is more structured than a flat decal.","Pool is a fan-triangulated flat disc (no concavity toward center despite the comment), terraces are only 3 rigid concentric rings of equal width (not scalloped basins with pour-lips), and there is no water surface mesh, no steam vent placement, and the vent cone is just 3 rings.","Model terraces as stacked basin polygons with irregular pour-lips carved per tier, add a real water surface inside each basin, generate steam/sulfur plume emitter points, and vary terrace counts by pool_radius.",important
145,terrain_features.py,generate_ice_formation,1764,C-,B,—,C+,"God of War Ragnarok ice caves / Horizon FW Cauldrons with volumetric ice, parallax refraction, and icicle clusters.","Per-stalactite cone with variable length/radius, noise-displaced ring geometry and tip triangles; ice wall is a genuine 2D grid with FBM undulation and a curvature-based refraction material split.","Stalactite material banding uses `kt` variable that is actually the OUTER loop counter `k` from a previous loop (variable captured incorrectly — bug: `kt` in the mat_indices block references the last stalactite's last ring k/cone_rings, not current face position), 'refraction zones' are randomly sampled metadata disconnected from the actual curvature classification applied to faces, ice wall is a flat displaced plane (no thickness), and there is no floor/stalagmite, no pool, no volumetric ice.",Fix the kt-scoping bug so banding tracks current ring properly; extrude the ice wall into a volume with frosted interior; add matching stalagmites and frozen pool mesh; derive refraction_zones from the actual high-curvature face centers rather than random sampling.,critical
146,terrain_features.py,generate_lava_flow,1967,C,B+,—,B-,Horizon Burning Shores lava channels or Kilauea reference with pahoehoe crust folds and incandescent fissures.,"Sinusoidal centerline with noise-modulated perturbation, correct per-segment tangent/perpendicular frame for the cross-section sweep, five-band cross-section profile (raised solid rock, raised crust, depressed lava) with height variation, and heat_zones metadata parameterized by flow position.","Flow is still a single-strip ribbon — no branching, no pillow/tube morphology, no solidification fingers; crust edges are symmetric with simple linear height profile, no a'a vs pahoehoe variation; lava surface is the same continuous grid as the rock banks with no lip or embankment discontinuity; heat zones are uniformly distributed along t with no flow-physics grounding.","Replace ribbon with a 2D flow-accumulation field producing branching channels, model crust as a separate floating shell above a lower hot-lava surface (two meshes) with broken crust patches, and derive heat_zones from channel-width narrowings/drop points instead of uniform sampling.",important
147,terrain_features.py,generate_natural_arch,915,D+,B,—,C+,"Real natural arch (Delicate Arch / Mesa Arch) as sculpted erosion of sandstone block, or Houdini Voronoi-fracture + erosion.","Sweep uses a correctly oriented Frenet-like frame (tangent in XZ, normal perpendicular) and ring cross-section allows noise displacement, giving a non-trivial closed tube.","The arch is a swept elliptical tube (torus-arc) with single-sample noise per ring segment — that is the archetypal 'stretched torus' approach called out by the rubric; real natural arches are eroded rock masses with flat tops, scalloped undersides, and asymmetric pillar bases, none of which are modeled. Pillars are simple tapered 4-vert boxes.","Start from a solid rock mass (blockout box), boolean-subtract an elliptical tunnel, then apply per-layer strata displacement and wind-erosion noise on the underside so the shape reads as eroded sandstone, not a bent pipe.",critical
148,terrain_features.py,generate_sinkhole,1304,C,B+,—,B-,"Tomb Raider/Uncharted cenote or Sima de las Cotorras with vertical walls, vegetation shelves, and water pool bottom.","Multi-ring construction (outer rim, inner rim, stacked wall rings, floor fan) with FBM wall roughness, per-depth material banding, and rubble pieces as real 8-vert displaced box meshes.","Walls are still rotationally symmetric (only 15% narrowing at bottom, no undercuts or bell shape), rubble boxes are axis-aligned and identical topology, the bottom cave is metadata-only with no actual opening cut into the wall, and there is no water/vegetation shelf despite sinkholes typically having both.","Allow non-axisymmetric radius profile (bell or hourglass), boolean-carve the bottom cave into the wall mesh, scatter rocks with varied topology and rotation, and add a mid-depth vegetation shelf ring.",important
149,terrain_features.py,generate_swamp_terrain,688,C,B+,—,B-,"Far Cry/Witcher 3 bog biome with hummock stamps, standing water masks, and island dry-zone classification.","Real FBM base, O(N^2) radial hummock/island stamping with quadratic and quartic falloffs, BFS flood fill to extract connected water-zone bounding boxes, and water-coverage metric for downstream asset scattering.","Resolution scales as size/2 (so a 50m swamp is only 25x25 = 625 quads = ~2m quads) which is too coarse for AAA; no channel/river carving, no peat/hammock micro-morphology, and water is tagged via material only — there is no actual water plane mesh.","Raise resolution to sub-meter, carve drainage channels with hydraulic erosion pass, emit a separate water surface mesh aligned to water_level, and output root/reed scatter masks instead of just material IDs.",important
150,terrain_features.py,generate_waterfall,254,D+,A-,—,B-,"Horizon Forbidden West / Genshin waterfall with volumetric water plume, pool caustics, and mist VFX; Gaea water-carving layer.","Has direction-aware rotation for arbitrary facing, emits pool/cave/splash metadata for downstream VFX, and tags wet/dry material zones along the cliff.","Ledges are literally single quads (no side/bottom faces), pool is a crude 16-sided fan triangle disc with no lip or undercut, 'cave behind' is pure metadata with no geometry carved, and there is no water mesh, no plunge basin curvature, and no erosion behind/below the falls.","Generate real boxed ledges with front undercuts, carve a real cave void behind the flow with SDF boolean, build a volumetric water plume mesh (tapered prism, not plane) and a contoured plunge pool with distinct lip, and output mist emitter positions.",critical
151,terrain_materials.py,_build_terrain_recipe,2172,—,B+,—,B+,,,,,polish
152,terrain_materials.py,_clamp_rgba,2162,—,A-,—,A-,,,,,polish
153,terrain_materials.py,_classify_face,1068,—,A-,—,A-,,,,,polish
154,terrain_materials.py,_create_height_blend_group,1548,—,B+,—,B+,,,,,polish
155,terrain_materials.py,_face_slope_angle,1046,—,A,—,A,,,,,polish
156,terrain_materials.py,_get_material_def,997,—,A-,—,A-,,,,,polish
157,terrain_materials.py,_resolve_biome_palette_name,2119,—,B+,—,B+,,,,,polish
158,terrain_materials.py,_resolve_special_band_policy,2135,—,A-,—,A-,,,,,polish
159,terrain_materials.py,_simple_noise_2d,1323,—,A-,—,A-,,,,,polish
160,terrain_materials.py,apply_corruption_tint,1281,B,B+,A,B+,Corrupted-zone overlay shader,Straightforward RGBA blend toward corruption purple; pushes alpha to special channel.,"Uniform tint — no per-vertex corruption variance; hardcoded purple (0.12, 0.04, 0.14) from 'linear sRGB' comment.",Sample corruption_map per-vertex for spatial variance.,polish
161,terrain_materials.py,assign_terrain_materials_by_slope,1096,B,B,A-,B+,UE Landscape layer slope/height auto-assign,Four-zone classification (ground/slopes/cliffs/water_edges) per-face via normal + height + water_level; distributes across palette materials by face index for variance.,Modulo face index distribution is deterministic but visually linear — no spatial coherence (adjacent faces can flip material).,Use spatial hash (face center) with blue noise for variance.,polish
162,terrain_materials.py,auto_assign_terrain_layers,1948,—,A-,A-,A-,,,,,polish
163,terrain_materials.py,blend_terrain_vertex_colors,1167,B,B,A,B+,UE5 Vertex-color splatmap (4-channel),Averages per-vertex zone weights across adjacent faces; normalizes RGBA to sum 1; isolated-vertex fallback.,Static zone->channel weights ignore biome-specific preferences (a swamp shouldn't give .6 grass + 0 rock uniformly); no smoothing across vertices.,Pull zone weights per-biome from palette; Laplacian smooth.,important
164,terrain_materials.py,compute_biome_transition,1358,B,A-,A,A-,Witcher 3 / ESO biome-boundary splat blend,Runs auto_assign_terrain_layers for both biomes then smoothsteps between them with noise-displaced boundary — clean organic edge.,"Axis-aligned boundary only (x or y); _simple_noise_2d is a hash-based approximation, not true Simplex; amplitude is in world units but scale is normalized.",Support arbitrary polyline boundary + OpenSimplex noise.,important
165,terrain_materials.py,compute_world_splatmap_weights,2365,A-,A,A+,A,UE5 Landscape auto-material RGBA (grass/dirt/rock/special),"Fully vectorized numpy (previously Python double loop — now <200ms on 512² per docstring), height+slope+moisture fusion, special-band policy with ground-restriction, moisture tint, final normalization preserving alpha. This is production quality.",Linear slope thresholds; no anisotropic lighting hint; moisture tint is limited (>0.7 or <0.3).,Soften slope transition with smoothstep; expose moisture curve.,polish
166,terrain_materials.py,create_biome_terrain_material,2515,—,B+,B+,B+,,,,,polish
167,terrain_materials.py,get_all_terrain_material_keys,1002,—,A-,A,A,,,,,polish
168,terrain_materials.py,get_biome_palette,1015,—,A,A,A,,,,,polish
169,terrain_materials.py,get_default_biome,,—,—,A,A,,,,,
170,terrain_materials.py,handle_create_biome_terrain,2713,—,A-,A,A,,,,,polish
171,terrain_materials.py,handle_setup_terrain_biome,1673,—,B,A,A-,,,,,important
172,terrain_materials.py,height_blend,1508,—,A-,A,A,,,,,polish
173,terrain_pipeline.py,TerrainPassController,,—,—,A,A,,,,,
174,terrain_pipeline.py,TerrainPassController._save_checkpoint,327,A-,—,—,A-,Houdini node cache / UE5 asset version checkpointing,"Captures Unity-export metadata (world_bounds, height range, cell_size, coord system) so checkpoints are round-trippable. Parent linkage for undo chain.",NPZ files pile up over long sessions — no rotation/pruning.,Add checkpoint retention policy.,polish
175,terrain_pipeline.py,TerrainPassController.enforce_protected_zones,134,A-,—,—,A-,UE Landscape layer exclusion / Horizon zero region lock,Correctly distinguishes full-cover vs partial intersection; lets per-cell masks do finer policy.,Region BBox is axis-aligned only — polygon zones not supported.,Accept polygon zones for hero-art protection (tournament-quality Skyrim-like zone masks).,polish
176,terrain_pipeline.py,TerrainPassController.run_pass,167,A,—,—,A,Houdini TOP pass executor / UE5 PCG graph node runner,"Enforces scene-read, protected zones, input-channel prereqs, post-run produces_channels verification, quality-gate with hard/soft severity, visual_validator, content-hash before/after, checkpoint on success. Very thorough contract enforcement.",Failure in the pass records duration but the state may be partly mutated — no transactional rollback of mask_stack. Pragma: no cover on the except clause hides untested error paths.,Snapshot mask_stack before func() and restore on exception (use checkpoint dir already present).,important
177,terrain_pipeline.py,TerrainPassController.run_pipeline,296,B+,—,—,B+,Houdini TOP scheduler,Default sequence is sensible (macro->masks->erosion->validate). Stops on first failure.,No parallel tile dispatch; no partial rollback to last-good checkpoint on failure.,Add multiprocessing per-tile and auto-rollback option.,polish
178,terrain_pipeline.py,_make_gate_issue,46,—,B,—,B,,,,,important
179,terrain_pipeline.py,_save_checkpoint,327,—,A-,—,A-,,,,,polish
180,terrain_pipeline.py,clear_registry,120,—,A-,—,A-,,,,,polish
181,terrain_pipeline.py,derive_pass_seed,55,A,A,A,A,Houdini HDA deterministic seed chaining / UE5 PCG seed domain,"SHA-256 of JSON-encoded tuple, PYTHONHASHSEED-independent, 32-bit masked for numpy RNG. Production-correct.","JSON encoding adds overhead vs a direct bytes hash, but negligible.",Cache on intent to avoid re-hashing per-pass in tight loops if needed.,polish
182,terrain_pipeline.py,enforce_protected_zones,134,—,A-,—,A-,,,,,polish
183,terrain_pipeline.py,get_pass,114,—,A-,—,A-,,,,,polish
184,terrain_pipeline.py,register_default_passes,395,A-,A-,—,A-,UE PCG node registration,Declarative definitions with requires/produces channels — enables static contract verification.,Hard-coded 4 passes; no way to compose profiles.,Load profile from YAML to support game-specific pass graphs.,polish
185,terrain_pipeline.py,register_pass,109,—,B+,—,B+,,,,,polish
186,terrain_pipeline.py,require_scene_read,126,—,A,—,A,,,,,polish
187,terrain_pipeline.py,rollback_last_checkpoint,384,—,A-,—,A-,,,,,polish
188,terrain_pipeline.py,rollback_to,372,—,B,—,B,,,,,important
189,terrain_pipeline.py,run_pass,167,—,A,—,A,,,,,polish
190,terrain_pipeline.py,run_pipeline,296,—,B+,—,B+,,,,,polish
191,terrain_sculpt.py,_build_adjacency,240,—,A-,—,A-,,,,,polish
192,terrain_sculpt.py,compute_brush_weights,56,C-,A-,B+,B,UE Landscape brush footprint / Houdini heightfield mask by radius,"Correctly uses squared-distance culling in XY before taking the sqrt, returning a sparse weight list.","O(N) linear scan over every vertex with no spatial acceleration (KD-tree/grid/BVH), XY-only so projects wrong on sloped terrain, no pressure/tilt/azimuth, no anisotropic (elliptical) brush, no alpha-texture mask, and no stroke dab spacing - AAA tools use screen-space projection along the view ray with a spatial index.","Add KD-tree/spatial grid accel, ray-project the brush onto the surface (not XY plane), support pressure curve + elliptical shape + alpha-image mask + stroke spacing, and compute weight over geodesic distance for steep slopes.",critical
193,terrain_sculpt.py,compute_flatten_displacements,160,D,A-,B+,B-,"ZBrush Flatten/Planar/Trim Dynamic, UE Landscape Flatten (with eye-dropper)",Computes a real brush-local average rather than a fixed global plane.,"Flattens to unweighted mean Z of affected verts (not a fitted plane), ignores brush weights in the average (bias toward edge verts), no user-set target height / eye-dropper pick, no plane-from-first-contact 'trim' mode, no angle/slope constraint - AAA flatten brushes plane-fit via least-squares and offer 'flatten to target', 'ramp', 'contrast' modes.","Compute a weighted least-squares plane from the affected verts, expose modes (average / first-hit / user-target / plane-fit), add contrast-blur parameter and ramp/slope constraint.",important
194,terrain_sculpt.py,compute_lower_displacements,118,D+,A,A-,B,ZBrush Standard (inverted) / UE Landscape Sculpt (lower),"Symmetric to raise, tiny and correct for its trivial spec.","Just a sign-flip of raise - no normal-aligned direction, no floor/minimum clamp, no distinct 'dig' behavior (AAA dig brushes carve along inverse-normal with a sharper falloff and terrain-floor clamp), and shares all of raise's gaps.","Share a single directional-displacement kernel with raise, expose direction enum (UP/DOWN/NORMAL/INV_NORMAL), add min-height clamp, pressure, and dig-shape option.",critical
195,terrain_sculpt.py,compute_raise_displacements,97,D+,A,A,B,"ZBrush Standard/Inflate brush, UE Landscape Sculpt (raise)","Simple deterministic weighted displacement, easy to test.","Displaces purely along world Z with no surface-normal option, no accumulation curve / per-dab falloff, no max-height clamp, no layer/undo stack, no pressure-sensitive strength, and no noise/jitter - an AAA raise brush offsets along averaged normal with stroke accumulation and clamps.","Offset along smoothed vertex normal (toggle normal vs Z), add per-stroke accumulation/clamp, pressure curve, optional noise modulation, and feed into a layered height buffer for non-destructive sculpting.",critical
196,terrain_sculpt.py,compute_smooth_displacements,130,D,B+,A,B-,"ZBrush Smooth brush, Blender sculpt Smooth (Laplacian/surface/enhance-detail)","Uses real 1-ring adjacency (not a fixed-radius 4-neighbor hack), giving a proper uniform Laplacian on Z.","Only smooths Z (not full 3D position), uniform weighting rather than cotangent/area weights (causes shrinkage on irregular meshes), single Jacobi iteration per call (no iteration count), no Taubin lambda/mu shrinkage compensation, no detail-preserving smooth, no boundary handling - ZBrush/Blender offer Laplacian, Surface, Enhance-Detail, Taubin, and relax modes.","Add iterations param, support cotangent weights, Taubin lambda/mu to prevent shrinkage, a surface-smooth mode that preserves XY and only relaxes along normal, plus relax-topology and enhance-detail variants.",critical
197,terrain_sculpt.py,compute_stamp_displacements,181,C-,B,B,B-,"World Machine/Gaea stamp macro, Houdini heightfield stamp, ZBrush Alpha stamp, UE Landscape Erosion/Stamp brush","Performs explicit UV remap of brush footprint into heightmap grid and clamps UV, with a strength multiplier.","Nearest-neighbor sampling only (no bilinear/bicubic) causing blocky artifacts, axis-aligned square footprint inside a circular brush, no rotation / scale / flip, no blend modes (add/max/min/subtract/replace), no height remap curve, no wrap/tile, no masked alpha channel - AAA stamps support rotation, 8+ blend ops, bicubic sampling, and remap curves.","Add bilinear/bicubic sampling, rotation/scale/flip of the stamp, blend modes (add/max/min/replace/multiply/subtract), height remap curve, tile/wrap option, and a separate mask channel; decouple stamp footprint from circular brush weight.",critical
198,terrain_sculpt.py,get_falloff_value,38,C+,B,A-,B,ZBrush/Mudbox brush falloff curve (customizable curve editor),Provides four named falloff curves including a proper cosine smooth ramp with clamping and unknown-name guard.,"Hard-coded set of 4 curves with no user-definable curve editor, no root/inverse-sharp/middle/gaussian options, and the clamp to 1.5 silently allows out-of-range input where AAA tools expose an editable 2D spline.","Replace with a sampled 1D curve LUT driven by a user-editable spline (bezier/catmull) plus common presets (gauss, sharper, root, constant, custom), matching Blender/ZBrush brush curve UX.",important
199,terrain_sculpt.py,handle_sculpt_terrain,248,C,B,A-,B,UE Landscape Sculpt mode / Blender Sculpt operator / ZBrush stroke dispatch,"Provides a single dispatch entry-point covering 5 operations with clean bmesh lifecycle (try/finally free), validation, and a structured return payload including affected vertex count.","Not a true stroke system - a single dab per call with no stroke spacing / path / smoothing-between-dabs, full mesh read/write every call (O(N) each), no undo stack / layer, no symmetry (X/Y/radial), no multires / sculpt-mode integration, no mask/vertex-group support, no normal/position updates beyond Z, no dirty-rect optimization - AAA sculpt dispatchers stream strokes, write only touched verts, push to an undo stack, and support symmetry + mask + layers.","Accept a stroke (list of samples + pressure), build/maintain a vertex KD-tree + dirty-vert set across dabs, add symmetry planes, mask/vertex-group weighting, undo layer stack, and an option to modify XYZ along normal; batch bmesh writes per stroke not per dab.",critical
200,terrain_semantics.py,BBox,,—,—,A,A,,,,,
201,terrain_semantics.py,PassResult,,—,—,A,A,,,,,
202,terrain_semantics.py,ProtectedZoneSpec,,—,—,A,A,,,,,
203,terrain_semantics.py,TerrainIntentState,,—,—,A,A,,,,,
204,terrain_semantics.py,TerrainMaskStack,,—,—,B+,B+,,,,,
205,terrain_semantics.py,TerrainPipelineState,,—,—,A,A,,,,,
206,terrain_semantics.py,ValidationIssue,,—,—,A,A,,,,,
207,terrain_semantics.py,WorldHeightTransform,,—,—,A,A,,,,,
208,terrain_waterfalls.py,_d8_to_angle,165,—,B+,—,B+,,,,,polish
209,terrain_waterfalls.py,_ensure_drainage,178,—,B,—,B,,,,,important
210,terrain_waterfalls.py,_grid_to_world,118,—,A-,—,A-,,,,,polish
211,terrain_waterfalls.py,_region_slice,643,—,A-,—,A-,,,,,polish
212,terrain_waterfalls.py,_steepest_descent_step,138,—,A-,—,A-,,,,,polish
213,terrain_waterfalls.py,_world_to_grid,127,—,B+,—,B+,,,,,polish
214,terrain_waterfalls.py,build_outflow_channel,452,B-,B+,C,B-,Gaea River/Channel carve,Pushes shallow trench along outflow waypoints with proper min-delta merging (keeps deepest).,Square-kernel iteration per waypoint (Python double loop) — slow; linear taper rather than parabolic; no meander.,Vectorize with scipy.ndimage.distance_transform_edt across path mask; add meander.,polish
215,terrain_waterfalls.py,carve_impact_pool,415,B,A-,C+,B,Gaea Pool/Basin carve,"Parabolic bowl is correct — center deepest, 0 at rim. Non-destructive delta approach respects pipeline protocol.",Circular footprint; real plunge pools have directional scour (downstream elongation) from jet impact.,Elliptical footprint oriented along outflow_direction_rad; erode lip downstream.,polish
216,terrain_waterfalls.py,detect_waterfall_lip_candidates,202,A-,B,B-,B,Horizon Forbidden West river-lip detector / Houdini flow-based feature tagging,"Real drainage+drop joint threshold, D8 descent, per-cell confidence blending drainage and drop scores, D8-neighbor dedup to collapse lip rows.",Python nested for-loop — slow on >1k grids; confidence is linear blend (could use logistic).,Vectorize with numpy argmax over D8 stack and np.where thresholds.,polish
217,terrain_waterfalls.py,generate_foam_mask,515,B-,B,C,B-,UE5 water foam mask,Scales foam by chain.foam_intensity (which is tied to total_drop) — physically motivated.,"Same radial profile as mist; no foam along plunge path itself, only pool.",Add foam along full plunge_path and outflow with turbulence-derived intensity.,polish
218,terrain_waterfalls.py,generate_mist_zone,483,B-,B+,C,B-,Horizon Forbidden West localized volumetric fog,"Radial falloff from pool center, returns float32 for shader consumption.",Perfect circle — wind direction not modeled; Python inner loops.,Bias mist downwind from chain's outflow vector; vectorize.,polish
219,terrain_waterfalls.py,pass_waterfalls,659,A-,B-,B,B,Gaea hydrology graph node / RDR2 river pass,"Full chain: lips -> solve -> carve pools -> outflow -> foam/mist masks -> wet_rock integration with water_network. Applies pool_delta to height (real mutation). Region scoping. Fixes pipeline-breaks #1, #2, #5 per comments. Issues validated and downgraded to warning.",Caps at 16 chains (soft limit); wet_rock merging uses max instead of accumulate.,Parameterize cap; consider alpha-blend wet_rock accumulation.,polish
220,terrain_waterfalls.py,register_bundle_c_passes,794,—,A,B,A-,,,,,polish
221,terrain_waterfalls.py,solve_waterfall_from_river,274,A-,B-,B-,B,Houdini cascade solver / RDR2 waterfall chain authoring,"Traces plunge path with plateau detection, records multi-tier drop segments, derives pool radius from sqrt(total_drop), computes outflow direction, generates deterministic chain_id from world position.",Plateau detection is heuristic (plateau_hits>=2); outflow cap of 32 cells may truncate long cascades; no actual overhang geometry — chain is centerline only.,"Add overhang detection at lip (undercut carving), longer outflow cap, multi-drop merging with confluence.",important
222,terrain_waterfalls.py,validate_waterfall_system,553,—,A-,B,B+,,,,,polish
223,terrain_waterfalls.py,validate_waterfall_volumetric,590,A-,C+,B,B,Custom AAA mesh-contract validator,"Enforces min vertex density per meter, non-zero thickness, front_curvature >=3 — directly addresses user's 'must be 3D volumetric' rule from memory.","Only checks profile params, not actual mesh generated — relies on downstream to honor profile.","Round-trip check: generate mesh, measure vert density, feed back into validation.",polish
